**** All Elevator Calls (time,src,dest,state,elev dt) stage 6 ****
Elevator call,4.993816266014164,-3,27,3,0, Done, dt, 72.00618373398584
Elevator call,18.77917039169597,-4,-3,3,2, Done, dt, 22.22082960830403
Elevator call,19.387078657155826,0,14,3,0, Done, dt, 34.612921342844174
Elevator call,20.327517520632,0,-2,3,4, Done, dt, 292.672482479368
Elevator call,27.9999732565052,0,30,3,0, Done, dt, 62.0000267434948
Elevator call,29.917239624265676,0,7,3,4, Done, dt, 53.082760375734324
Elevator call,38.28582116015673,-1,45,3,4, Done, dt, 92.71417883984327
Elevator call,39.19202923931175,-1,2,3,4, Done, dt, 28.80797076068825
Elevator call,39.69710409736126,0,48,3,4, Done, dt, 104.30289590263874
Elevator call,49.43307426313186,0,-1,3,2, Done, dt, 663.5669257368681
Elevator call,54.196436787183075,-2,50,3,2, Done, dt, 108.80356321281693
Elevator call,57.40531969890162,-1,0,3,2, Done, dt, 35.59468030109838
Elevator call,63.05259875982824,-2,0,3,2, Done, dt, 29.947401240171757
Elevator call,79.37736411739434,0,41,3,2, Done, dt, 64.62263588260566
Elevator call,89.4285158976113,-2,28,3,6, Done, dt, 103.5714841023887
Elevator call,92.15048695301039,-4,19,3,6, Done, dt, 71.84951304698961
Elevator call,96.61997031673536,-2,45,3,6, Done, dt, 123.38002968326464
Elevator call,108.64204888088284,0,19,3,6, Done, dt, 55.35795111911716
Elevator call,111.62708145083661,-1,-3,3,8, Done, dt, 547.3729185491634
Elevator call,116.72069026135568,0,24,3,6, Done, dt, 62.279309738644315
Elevator call,117.93413927793131,0,16,3,6, Done, dt, 33.06586072206869
Elevator call,133.34539591368775,-4,23,3,1, Done, dt, 138.65460408631225
Elevator call,134.00355801094793,-2,25,3,1, Done, dt, 148.99644198905207
Elevator call,140.52095248879914,-3,28,3,1, Done, dt, 154.47904751120086
Elevator call,142.07808960138755,-4,1,3,1, Done, dt, 87.92191039861245
Elevator call,146.76293294989182,0,27,3,8, Done, dt, 88.23706705010818
Elevator call,147.44392615224183,-3,33,3,1, Done, dt, 180.55607384775817
Elevator call,151.6163012890247,-3,3,3,1, Done, dt, 89.3836987109753
Elevator call,159.17766514162577,0,26,3,8, Done, dt, 64.82233485837423
Elevator call,170.15712188664338,-2,42,3,1, Done, dt, 172.84287811335662
Elevator call,173.25392580462358,1,3,3,8, Done, dt, 17.746074195376423
Elevator call,174.91394871323018,-1,31,3,1, Done, dt, 142.08605128676982
Elevator call,177.9146689591314,0,8,3,1, Done, dt, 76.0853310408686
Elevator call,179.41211574761928,0,48,3,3, Done, dt, 47.58788425238072
Elevator call,188.69360223337299,-2,-3,3,5, Done, dt, 307.306397766627
Elevator call,197.44243298068636,-3,38,3,5, Done, dt, 64.55756701931364
Elevator call,202.63061730226673,0,42,3,1, Done, dt, 140.36938269773327
Elevator call,203.2352417416962,-4,25,3,7, Done, dt, 66.7647582583038
Elevator call,209.35081553255895,13,-1,3,0, Done, dt, 71.64918446744105
Elevator call,209.97850155767696,-1,29,3,5, Done, dt, 37.021498442323036
Elevator call,210.90630526255882,12,0,3,0, Done, dt, 59.09369473744118
Elevator call,211.32931870336074,0,29,3,1, Done, dt, 94.67068129663926
Elevator call,217.22290993535717,-4,11,3,7, Done, dt, 35.777090064642834
Elevator call,218.07434462591186,26,44,3,8, Done, dt, 43.92565537408814
Elevator call,219.81598778407965,-4,5,3,7, Done, dt, 20.184012215920347
Elevator call,220.76873550670848,31,-1,3,6, Done, dt, 66.23126449329152
Elevator call,224.31198381778677,-2,-3,3,9, Done, dt, 144.68801618221323
Elevator call,231.56651879541005,22,33,3,4, Done, dt, 1840.43348120459
Elevator call,238.4981901010815,0,-1,3,0, Done, dt, 42.50180989891851
Elevator call,249.14578168308412,0,39,3,9, Done, dt, 62.854218316915876
Elevator call,249.47153929844012,-2,0,3,2, Done, dt, 401.5284607015599
Elevator call,254.50344330296275,-1,10,3,9, Done, dt, 32.49655669703725
Elevator call,255.11453151297678,-2,2,3,3, Done, dt, 534.8854684870232
Elevator call,257.29849213037915,-1,-4,3,0, Done, dt, 46.701507869620855
Elevator call,260.38349181826743,-4,31,3,1, Done, dt, 990.6165081817326
Elevator call,266.894697015759,47,-2,3,8, Done, dt, 102.105302984241
Elevator call,270.3465008526289,-1,-2,3,0, Done, dt, 21.65349914737112
Elevator call,272.4308393782785,-4,46,3,7, Done, dt, 81.5691606217215
Elevator call,278.80736100021363,-2,47,3,4, Done, dt, 93.19263899978637
Elevator call,285.4590041763097,-1,49,3,5, Done, dt, 65.54099582369031
Elevator call,299.06238686043775,-4,31,3,7, Done, dt, 36.937613139562245
Elevator call,303.5884504315734,-1,24,3,6, Done, dt, 56.41154956842661
Elevator call,305.1612056606798,-4,11,3,0, Done, dt, 56.8387943393202
Elevator call,307.17728820035336,-1,22,3,6, Done, dt, 40.82271179964664
Elevator call,310.1052389352092,20,-1,3,8, Done, dt, 47.89476106479083
Elevator call,310.2471597613528,-3,41,3,0, Done, dt, 91.7528402386472
Elevator call,310.43660083151826,12,-2,3,8, Done, dt, 58.56339916848174
Elevator call,310.65895693179937,0,-2,3,2, Done, dt, 21.341043068200634
Elevator call,314.465693673799,-4,-2,3,3, Done, dt, 519.534306326201
Elevator call,318.63880157220933,-2,4,3,0, Done, dt, 26.36119842779067
Elevator call,326.58639638472255,-3,0,3,9, Done, dt, 100.41360361527745
Elevator call,334.8964002994919,-2,3,3,2, Done, dt, 16.103599700508084
Elevator call,338.34551095760867,-4,19,3,3, Done, dt, 23.654489042391333
Elevator call,346.0955137209953,-4,35,3,1, Done, dt, 916.9044862790047
Elevator call,361.645498123866,-3,17,3,2, Done, dt, 66.35450187613401
Elevator call,363.8472274622245,-2,-1,3,6, Done, dt, 68.15277253777549
Elevator call,381.31971563530055,-3,41,3,2, Done, dt, 110.68028436469945
Elevator call,388.51503029731634,-1,40,3,8, Done, dt, 82.48496970268366
Elevator call,394.25877451521023,0,-3,3,9, Done, dt, 428.74122548478977
Elevator call,394.9568870028586,-4,0,3,1, Done, dt, 13.043112997141407
Elevator call,396.01053237831434,-3,11,3,9, Done, dt, 56.98946762168566
Elevator call,396.1162807679582,0,44,3,8, Done, dt, 88.88371923204181
Elevator call,397.828560875153,4,19,3,2, Done, dt, 42.171439124846984
Elevator call,398.52040573961403,-1,4,3,8, Done, dt, 26.479594260385966
Elevator call,399.94909007969295,0,35,3,9, Done, dt, 75.05090992030705
Elevator call,400.2358983059046,-2,41,3,9, Done, dt, 87.76410169409542
Elevator call,403.08087087207764,-2,10,3,9, Done, dt, 38.91912912792236
Elevator call,420.90267429546566,-1,24,3,6, Done, dt, 46.09732570453434
Elevator call,424.97730311249506,35,0,3,0, Done, dt, 61.022696887504935
Elevator call,431.638137321645,-2,1,3,1, Done, dt, 43.36186267835501
Elevator call,438.369875408335,-1,-2,3,0, Done, dt, 69.63012459166498
Elevator call,440.91040561273644,-3,0,3,3, Done, dt, 190.08959438726356
Elevator call,442.48024316783403,19,29,3,2, Done, dt, 27.519756832165967
Elevator call,445.22554369489694,0,5,3,1, Done, dt, 41.77445630510306
Elevator call,447.82100185917807,39,11,3,4, Done, dt, 56.17899814082193
Elevator call,448.37219431241874,-4,35,3,7, Done, dt, 921.6278056875813
Elevator call,448.5527280150875,-3,0,3,5, Done, dt, 137.4472719849125
Elevator call,449.6414067161206,-2,10,3,1, Done, dt, 128.35859328387937
Elevator call,458.57493472839155,0,26,3,1, Done, dt, 178.42506527160845
Elevator call,464.05052587172395,-4,33,3,1, Done, dt, 339.94947412827605
Elevator call,467.1243025576689,-4,20,3,6, Done, dt, 263.8756974423311
Elevator call,471.18462320429603,-4,9,2,1
Elevator call,473.82402016162405,-3,-4,3,3, Done, dt, 12.175979838375952
Elevator call,486.18831609784525,5,41,3,3, Done, dt, 43.811683902154755
Elevator call,494.2575701969208,-2,-4,3,0, Done, dt, 25.742429803079176
Elevator call,499.06404009518997,-4,-2,3,7, Done, dt, 12.935959904810034
Elevator call,505.42918834826446,-2,15,3,1, Done, dt, 95.57081165173554
Elevator call,505.5712470512408,0,8,3,1, Done, dt, 50.42875294875921
Elevator call,507.896243493429,0,11,3,1, Done, dt, 81.10375650657102
Elevator call,508.3883648726937,-2,34,3,7, Done, dt, 72.61163512730627
Elevator call,508.4388147995692,-2,0,3,7, Done, dt, 24.561185200430828
Elevator call,510.15095690679004,-2,19,3,7, Done, dt, 42.84904309320996
Elevator call,512.7410981451851,0,41,3,7, Done, dt, 82.2589018548149
Elevator call,513.3688940199656,-2,25,3,7, Done, dt, 52.63110598003436
Elevator call,524.1069739806394,0,17,3,1, Done, dt, 87.8930260193606
Elevator call,530.1742255496574,0,6,3,1, Done, dt, 14.825774450342578
Elevator call,530.5850250585272,0,44,3,7, Done, dt, 76.41497494147279
Elevator call,530.7421165835376,0,-3,3,0, Done, dt, 305.2578834164624
Elevator call,531.7404459344334,-4,0,3,0, Done, dt, 53.25955406556659
Elevator call,537.0715274709094,10,47,3,4, Done, dt, 58.92847252909064
Elevator call,543.7683458853232,-2,29,3,0, Done, dt, 150.23165411467676
Elevator call,554.6943397633177,-2,13,3,0, Done, dt, 73.30566023668234
Elevator call,556.8993874391524,0,14,3,0, Done, dt, 82.1006125608476
Elevator call,557.5557041789998,0,16,3,0, Done, dt, 93.4442958210002
Elevator call,559.8911163663106,-1,19,3,0, Done, dt, 104.1088836336894
Elevator call,562.5015578609957,0,50,3,6, Done, dt, 84.49844213900428
Elevator call,570.72332239395,0,34,3,0, Done, dt, 138.27667760605004
Elevator call,573.8367444751809,0,-4,3,5, Done, dt, 24.16325552481908
Elevator call,574.4289443621799,0,41,3,6, Done, dt, 53.57105563782011
Elevator call,579.4289603377472,0,-4,3,2, Done, dt, 105.57103966225282
Elevator call,579.4300589184306,-2,-4,3,8, Done, dt, 68.56994108156937
Elevator call,582.4748234204005,0,7,3,0, Done, dt, 29.525176579599474
Elevator call,584.3936094971903,0,44,3,5, Done, dt, 47.606390502809745
Elevator call,587.5065401456161,0,50,3,0, Done, dt, 147.4934598543839
Elevator call,589.3301865038677,-1,1,3,3, Done, dt, 1610.6698134961323
Elevator call,590.6208993932232,-2,4,3,9, Done, dt, 1124.3791006067768
Elevator call,591.0975410397571,25,-3,3,2, Done, dt, 72.90245896024294
Elevator call,591.5126537716858,-2,29,3,1, Done, dt, 189.4873462283142
Elevator call,591.6646715252255,27,-4,3,2, Done, dt, 93.33532847477454
Elevator call,593.1685913886549,-4,24,3,1, Done, dt, 1840.831408611345
Elevator call,615.2556147628397,1,-1,3,3, Done, dt, 26.74438523716026
Elevator call,620.2579900542485,19,28,3,0, Done, dt, 62.74200994575153
Elevator call,620.952509806021,-4,0,3,4, Done, dt, 285.047490193979
Elevator call,623.0223448856957,-3,-2,3,7, Done, dt, 540.9776551143043
Elevator call,623.5552751023249,0,-1,3,3, Done, dt, 18.444724897675087
Elevator call,623.6992665911678,0,20,3,1, Done, dt, 229.30073340883223
Elevator call,626.5389500501055,0,38,3,1, Done, dt, 190.46104994989446
Elevator call,627.5033706858799,-4,11,3,1, Done, dt, 240.49662931412013
Elevator call,635.7897844410584,8,32,3,9, Done, dt, 37.21021555894163
Elevator call,645.5114707776538,0,11,3,3, Done, dt, 27.488529222346187
Elevator call,647.6019128697508,-3,39,3,8, Done, dt, 63.39808713024922
Elevator call,648.3122718675629,0,50,3,3, Done, dt, 54.68772813243709
Elevator call,667.5999958141826,-3,-4,3,2, Done, dt, 17.40000418581735
Elevator call,675.5144664954673,0,-1,3,1, Done, dt, 16.48553350453267
Elevator call,679.5895248054915,-3,46,3,7, Done, dt, 36.410475194508535
Elevator call,680.0181347335647,0,23,3,6, Done, dt, 278.9818652664353
Elevator call,680.2298063486398,-4,23,3,9, Done, dt, 815.7701936513602
Elevator call,688.1143086691975,42,5,3,5, Done, dt, 40.8856913308025
Elevator call,689.1432791543316,-3,8,3,2, Done, dt, 62.856720845668406
Elevator call,695.0796471237577,20,-1,3,6, Done, dt, 76.9203528762423
Elevator call,695.4237523147347,2,-3,3,4, Done, dt, 165.57624768526534
Elevator call,696.489335397915,-1,20,3,2, Done, dt, 97.51066460208494
Elevator call,703.881682733766,0,10,3,2, Done, dt, 60.118317266234044
Elevator call,705.1407577731113,0,5,3,2, Done, dt, 33.85924222688868
Elevator call,705.5274932543261,50,0,3,3, Done, dt, 47.472506745673854
Elevator call,708.981552127932,0,29,3,2, Done, dt, 114.01844787206801
Elevator call,717.1956642927394,37,-1,3,3, Done, dt, 46.804335707260634
Elevator call,717.7965298809615,-4,30,3,1, Done, dt, 74.20347011903846
Elevator call,727.6758894316686,-2,0,3,1, Done, dt, 18.324110568331434
Elevator call,728.499323661546,-1,38,3,4, Done, dt, 62.500676338454014
Elevator call,733.0505280207608,0,23,3,1, Done, dt, 34.949471979239206
Elevator call,741.8722441091284,-1,14,3,9, Done, dt, 50.12775589087164
Elevator call,744.975962002575,15,2,3,5, Done, dt, 32.02403799742501
Elevator call,749.8657280601287,-4,0,3,8, Done, dt, 227.13427193987127
Elevator call,758.4490750208467,-1,0,3,9, Done, dt, 16.55092497915325
Elevator call,762.2945288266701,-3,43,2,0
Elevator call,765.1796993620308,-3,2,3,3, Done, dt, 24.82030063796924
Elevator call,768.9310981605672,11,48,3,2, Done, dt, 93.06890183943278
Elevator call,775.7804832433483,-2,37,3,6, Done, dt, 100.21951675665173
Elevator call,777.0797168382923,26,41,3,2, Done, dt, 67.92028316170774
Elevator call,781.7375130869042,0,7,3,5, Done, dt, 25.262486913095813
Elevator call,787.8154398680457,-2,11,3,6, Done, dt, 42.1845601319543
Elevator call,789.2940003734968,0,37,3,6, Done, dt, 86.70599962650317
Elevator call,790.84999807964,-3,0,3,3, Done, dt, 310.15000192035995
Elevator call,793.7757239212833,-3,-2,3,9, Done, dt, 303.2242760787167
Elevator call,799.8678032751129,-3,3,3,4, Done, dt, 1054.132196724887
Elevator call,809.0059078799528,-2,0,3,5, Done, dt, 101.99409212004718
Elevator call,818.5716721258577,-4,7,3,8, Done, dt, 22.42832787414227
Elevator call,819.0973959909869,14,44,3,6, Done, dt, 93.90260400901309
Elevator call,822.1388045776276,-2,10,3,3, Done, dt, 27.86119542237236
Elevator call,827.0483922867262,1,-1,3,9, Done, dt, 346.9516077132738
Elevator call,833.2953788491847,20,0,3,1, Done, dt, 60.70462115081534
Elevator call,833.6807039214751,0,46,3,9, Done, dt, 60.31929607852487
Elevator call,836.3100863645074,0,50,3,9, Done, dt, 69.68991363549264
Elevator call,840.9085198183803,1,50,3,0, Done, dt, 73.09148018161966
Elevator call,849.1185427699573,-3,-1,3,5, Done, dt, 22.881457230042656
Elevator call,851.8260477246714,-3,35,3,8, Done, dt, 68.17395227532859
Elevator call,854.1199582715301,-3,27,3,3, Done, dt, 42.880041728469905
Elevator call,858.5727486699326,33,0,3,7, Done, dt, 44.427251330067406
Elevator call,859.4091706403293,-4,11,3,1, Done, dt, 284.5908293596707
Elevator call,863.6615831859367,-3,-4,3,4, Done, dt, 12.338416814063294
Elevator call,865.092482993349,-1,17,3,5, Done, dt, 25.907517006651005
Elevator call,869.6484007605196,38,43,3,6, Done, dt, 32.35159923948038
Elevator call,871.0751116159759,-2,48,3,2, Done, dt, 192.92488838402414
Elevator call,871.1514322455221,4,0,3,1, Done, dt, 22.848567754477926
Elevator call,881.7224099153852,-2,0,3,4, Done, dt, 24.277590084614758
Elevator call,891.7829186868805,-4,0,3,5, Done, dt, 93.21708131311948
Elevator call,902.6902755398198,-1,29,3,7, Done, dt, 36.30972446018018
Elevator call,905.7125010362058,0,46,3,4, Done, dt, 77.28749896379418
Elevator call,909.644810683128,0,8,3,4, Done, dt, 25.355189316872043
Elevator call,917.921440920651,39,-2,3,6, Done, dt, 86.07855907934902
Elevator call,920.9559777501229,-4,-2,3,1, Done, dt, 12.044022249877116
Elevator call,921.3280124845719,-1,7,2,8
Elevator call,933.7495734890487,-4,10,3,5, Done, dt, 18.250426510951343
Elevator call,943.209730896117,3,-2,3,2, Done, dt, 372.790269103883
Elevator call,946.595026362445,23,0,3,6, Done, dt, 45.40497363755503
Elevator call,946.775779901455,-3,-1,3,1, Done, dt, 22.224220098544947
Elevator call,948.3431624386573,0,-4,3,8, Done, dt, 72.65683756134274
Elevator call,949.8446878410363,0,48,3,2, Done, dt, 114.15531215896374
Elevator call,958.3487960758603,9,0,3,5, Done, dt, 26.651203924139736
Elevator call,959.3376168171872,-1,26,3,2, Done, dt, 72.66238318281285
Elevator call,971.0406469714588,-1,-2,3,1, Done, dt, 12.959353028541159
Elevator call,975.3682526243218,45,-2,3,0, Done, dt, 102.63174737567817
Elevator call,977.7982491609354,0,-3,3,8, Done, dt, 32.20175083906463
Elevator call,979.9614792953987,0,26,3,2, Done, dt, 52.0385207046013
Elevator call,986.5198212785085,-3,6,3,1, Done, dt, 26.480178721491484
Elevator call,991.424273898488,-2,49,3,5, Done, dt, 47.57572610151203
Elevator call,998.2390349216074,36,-1,3,0, Done, dt, 68.76096507839259
Elevator call,1006.7890618724637,0,30,3,6, Done, dt, 52.21093812753634
Elevator call,1009.2854376425349,2,0,3,4, Done, dt, 66.71456235746507
Elevator call,1010.5360886839251,0,-1,3,0, Done, dt, 56.46391131607493
Elevator call,1014.2904299637148,-2,48,3,1, Done, dt, 49.709570036285186
Elevator call,1021.3167674412655,-2,12,3,8, Done, dt, 46.68323255873452
Elevator call,1026.1747664955665,-3,32,3,8, Done, dt, 71.82523350443353
Elevator call,1042.4397899228302,-4,47,3,3, Done, dt, 112.56021007716981
Elevator call,1043.9427861328584,0,40,3,7, Done, dt, 55.05721386714163
Elevator call,1046.279460172499,-1,-3,3,0, Done, dt, 42.72053982750094
Elevator call,1049.1955408847932,-2,16,3,5, Done, dt, 1220.8044591152068
Elevator call,1049.6119921371421,-2,29,2,9
Elevator call,1050.1478225185908,-3,16,3,1, Done, dt, 162.85217748140917
Elevator call,1054.9200570972548,-1,22,3,1, Done, dt, 582.0799429027452
Elevator call,1058.3425382177916,-2,3,3,6, Done, dt, 2346.6574617822084
Elevator call,1061.3497891856125,0,13,3,1, Done, dt, 761.6502108143875
Elevator call,1064.797344500654,-3,49,3,2, Done, dt, 123.20265549934606
Elevator call,1065.2913198413887,0,32,3,1, Done, dt, 1790.7086801586113
Elevator call,1068.1600143289822,-2,21,2,1
Elevator call,1072.0940435257985,-2,50,3,3, Done, dt, 94.9059564742015
Elevator call,1080.5822907925076,44,2,3,4, Done, dt, 669.4177092074924
Elevator call,1084.5279393525989,-2,32,3,3, Done, dt, 52.47206064740112
Elevator call,1086.0395030747954,-2,-4,3,6, Done, dt, 36.96049692520455
Elevator call,1086.9564736719517,-3,-4,3,0, Done, dt, 13.043526328048301
Elevator call,1095.2640286436385,0,22,3,3, Done, dt, 26.73597135636146
Elevator call,1095.6459199869669,-1,0,3,5, Done, dt, 22.354080013033126
Elevator call,1097.8440098951423,37,-3,3,8, Done, dt, 65.15599010485766
Elevator call,1099.301027638211,41,8,3,7, Done, dt, 38.69897236178895
Elevator call,1106.7398148506138,0,20,3,0, Done, dt, 44.26018514938619
Elevator call,1107.5208855979677,28,-4,3,9, Done, dt, 51.47911440203234
Elevator call,1107.8036810594135,35,-1,3,1, Done, dt, 591.1963189405865
Elevator call,1116.1994706847267,49,-1,3,1, Done, dt, 582.8005293152733
Elevator call,1117.3441932989656,11,0,3,1, Done, dt, 42.65580670103441
Elevator call,1119.2896516583055,0,24,3,0, Done, dt, 45.7103483416945
Elevator call,1127.897552699288,-4,43,3,6, Done, dt, 88.1024473007119
Elevator call,1129.1480142844896,0,23,3,5, Done, dt, 23.85198571551041
Elevator call,1131.3792177263645,-1,-2,3,7, Done, dt, 32.62078227363554
Elevator call,1132.967464269452,30,36,3,0, Done, dt, 64.03253573054803
Elevator call,1134.4293967139304,-2,21,3,6, Done, dt, 49.57060328606963
Elevator call,1140.7672112891369,-1,31,3,1, Done, dt, 110.23278871086313
Elevator call,1146.0585977518958,43,-2,3,4, Done, dt, 96.94140224810417
Elevator call,1147.245185912589,-2,27,3,1, Done, dt, 91.75481408741098
Elevator call,1147.5406805176676,-4,16,3,1, Done, dt, 502.4593194823324
Elevator call,1152.774368572573,14,-1,3,5, Done, dt, 33.22563142742706
Elevator call,1157.4055290464557,-4,23,3,1, Done, dt, 1862.5944709535443
Elevator call,1160.2222513229156,18,43,3,6, Done, dt, 55.777748677084446
Elevator call,1161.1285201292303,0,-1,3,9, Done, dt, 161.8714798707697
Elevator call,1162.9248958580868,-2,-3,3,7, Done, dt, 12.075104141913243
Elevator call,1164.6755917731602,-3,32,3,8, Done, dt, 56.32440822683975
Elevator call,1170.9029971088776,-1,40,3,9, Done, dt, 64.09700289112243
Elevator call,1171.911688693261,-4,24,3,3, Done, dt, 881.0883113067389
Elevator call,1176.0994115135807,0,6,3,9, Done, dt, 21.900588486419338
Elevator call,1179.6101221380727,24,0,3,4, Done, dt, 51.38987786192729
Elevator call,1180.056382447366,0,18,3,9, Done, dt, 33.943617552633896
Elevator call,1180.9774709266485,0,-1,3,7, Done, dt, 228.0225290733515
Elevator call,1181.1434898085204,-1,25,3,7, Done, dt, 106.85651019147963
Elevator call,1182.4856407422205,-3,6,3,7, Done, dt, 64.51435925777946
Elevator call,1185.0049294066503,38,-3,3,5, Done, dt, 61.99507059334974
Elevator call,1185.6615591516652,-2,4,3,7, Done, dt, 50.33844084833481
Elevator call,1186.7659141651516,-2,33,3,7, Done, dt, 115.23408583484843
Elevator call,1194.4816918484162,37,21,3,2, Done, dt, 58.518308151583824
Elevator call,1195.255320106989,9,-3,3,4, Done, dt, 58.744679893010925
Elevator call,1199.2902976507971,29,41,3,8, Done, dt, 40.70970234920287
Elevator call,1201.1040445040928,20,41,3,0, Done, dt, 57.895955495907174
Elevator call,1204.7895686927575,-1,42,3,7, Done, dt, 112.21043130724252
Elevator call,1205.2364000393331,-4,-3,3,1, Done, dt, 267.76359996066685
Elevator call,1208.3813664585552,0,-3,3,4, Done, dt, 45.61863354144475
Elevator call,1212.0655368067005,0,-2,3,4, Done, dt, 30.934463193299507
Elevator call,1218.8805270458822,45,34,3,6, Done, dt, 33.11947295411778
Elevator call,1219.1610419528652,18,49,3,7, Done, dt, 111.83895804713484
Elevator call,1219.9231943499599,0,11,3,7, Done, dt, 40.076805650040114
Elevator call,1227.3451263913057,27,-1,3,2, Done, dt, 77.65487360869429
Elevator call,1227.8519734753409,14,-2,3,2, Done, dt, 88.14802652465914
Elevator call,1229.5740033141115,-2,0,3,3, Done, dt, 22.42599668588855
Elevator call,1229.879203417947,0,7,3,1, Done, dt, 1659.120796582053
Elevator call,1230.646348542733,0,-3,3,2, Done, dt, 96.353651457267
Elevator call,1235.0174537728853,-4,9,3,9, Done, dt, 1544.9825462271147
Elevator call,1241.6592594169601,-4,-5,3,4, Done, dt, 34.34074058303986
Elevator call,1245.6402024104636,0,-4,3,2, Done, dt, 92.35979758953636
Elevator call,1254.8148951290755,-4,11,3,5, Done, dt, 60.18510487092453
Elevator call,1258.3955944109046,-1,2,3,3, Done, dt, 33.60440558909545
Elevator call,1261.2765303635751,-2,-4,3,3, Done, dt, 53.72346963642485
Elevator call,1261.9566642321165,0,-4,3,3, Done, dt, 53.04333576788349
Elevator call,1265.235282049865,-2,32,3,6, Done, dt, 386.76471795013504
Elevator call,1268.243941013624,-3,-4,3,9, Done, dt, 20.756058986376047
Elevator call,1269.8971795005036,-3,1,3,5, Done, dt, 30.102820499496374
Elevator call,1271.6412097283428,15,-1,3,6, Done, dt, 59.3587902716572
Elevator call,1272.1723301319107,0,12,3,5, Done, dt, 53.82766986808929
Elevator call,1274.6087319866829,-1,-2,3,3, Done, dt, 29.39126801331713
Elevator call,1274.9782991361408,-4,4,3,0, Done, dt, 1989.0217008638592
Elevator call,1276.7214782171718,-4,44,3,4, Done, dt, 109.2785217828282
Elevator call,1277.8913011779641,-1,-4,3,3, Done, dt, 37.108698822035876
Elevator call,1278.2602187639138,-1,41,3,4, Done, dt, 94.73978123608617
Elevator call,1279.1510214108412,0,8,3,4, Done, dt, 50.84897858915883
Elevator call,1285.0274585335135,5,23,3,3, Done, dt, 74.97254146648652
Elevator call,1285.9309941308798,0,-4,3,2, Done, dt, 52.06900586912025
Elevator call,1287.7202118533498,0,26,3,5, Done, dt, 55.27978814665016
Elevator call,1296.03863677028,39,-4,3,8, Done, dt, 145.96136322972006
Elevator call,1299.2887517051354,39,-2,3,8, Done, dt, 130.71124829486462
Elevator call,1300.1769557831474,-2,3,3,9, Done, dt, 45.82304421685262
Elevator call,1300.836281186704,-2,0,3,1, Done, dt, 160.1637188132961
Elevator call,1307.0927899849708,-1,0,3,9, Done, dt, 26.90721001502925
Elevator call,1313.057917769506,18,0,3,8, Done, dt, 94.94208223049395
Elevator call,1313.7646791153716,-3,12,3,1, Done, dt, 62.235320884628436
Elevator call,1314.6547120177497,4,0,3,0, Done, dt, 21.345287982250284
Elevator call,1320.3181322673079,39,-3,3,1, Done, dt, 152.68186773269213
Elevator call,1320.8662487199213,-4,-2,3,1, Done, dt, 389.13375128007874
Elevator call,1321.022113831665,-1,-2,3,6, Done, dt, 20.97788616833509
Elevator call,1322.1128310699344,5,14,3,3, Done, dt, 22.887168930065627
Elevator call,1325.0849733245666,19,0,3,8, Done, dt, 82.91502667543341
Elevator call,1326.5446657180087,-4,17,3,1, Done, dt, 62.45533428199133
Elevator call,1332.174271575912,-4,2,2,7
Elevator call,1333.32877351828,49,-1,3,7, Done, dt, 75.67122648171994
Elevator call,1339.1489406673277,23,-4,3,2, Done, dt, 149.85105933267232
Elevator call,1339.3637905860362,4,0,3,8, Done, dt, 68.6362094139638
Elevator call,1344.9882828199113,-4,45,3,2, Done, dt, 74.01171718008868
Elevator call,1347.2121633392858,0,42,3,6, Done, dt, 74.78783666071422
Elevator call,1349.5308180250163,49,-3,3,5, Done, dt, 79.46918197498371
Elevator call,1352.4075263630286,0,9,3,6, Done, dt, 26.592473636971363
Elevator call,1352.4657424634215,23,-1,3,0, Done, dt, 375.5342575365785
Elevator call,1353.7323095433728,37,35,3,7, Done, dt, 16.26769045662718
Elevator call,1354.5739699779474,-2,0,3,0, Done, dt, 32.4260300220526
Elevator call,1366.3937752875854,6,2,3,8, Done, dt, 29.606224712414587
Elevator call,1372.7268942821634,0,-4,3,8, Done, dt, 69.27310571783664
Elevator call,1374.7746243383833,0,20,3,0, Done, dt, 42.22537566161668
Elevator call,1377.493687722938,25,-1,3,3, Done, dt, 34.50631227706208
Elevator call,1386.2912413308834,-2,44,3,9, Done, dt, 67.7087586691166
Elevator call,1388.0809474948549,-2,-4,3,8, Done, dt, 53.919052505145146
Elevator call,1388.8704226989184,31,-1,3,4, Done, dt, 145.12957730108155
Elevator call,1392.391720223848,0,-1,3,8, Done, dt, 26.608279776151903
Elevator call,1396.8256171749845,0,34,3,1, Done, dt, 770.1743828250155
Elevator call,1400.0568806811527,-4,43,3,1, Done, dt, 179.94311931884727
Elevator call,1400.141335501355,0,25,3,9, Done, dt, 33.85866449864511
Elevator call,1400.3325047475223,-1,-3,3,5, Done, dt, 28.667495252477693
Elevator call,1402.1237370953575,47,-4,3,1, Done, dt, 339.87626290464254
Elevator call,1403.0169167488018,0,49,3,9, Done, dt, 63.983083251198195
Elevator call,1405.117770387189,-1,-2,3,5, Done, dt, 12.882229612810988
Elevator call,1407.4981092474345,0,44,3,9, Done, dt, 46.50189075256549
Elevator call,1412.2886739449248,10,0,3,4, Done, dt, 110.71132605507523
Elevator call,1413.0207109733,0,-3,3,3, Done, dt, 23.979289026699917
Elevator call,1413.7508101029919,-4,8,3,1, Done, dt, 786.2491898970081
Elevator call,1416.3290170652938,-3,41,3,1, Done, dt, 141.67098293470622
Elevator call,1418.8490402888133,24,11,3,4, Done, dt, 43.150959711186715
Elevator call,1419.3684653958746,-4,38,2,2
Elevator call,1420.9347757628352,12,-4,3,4, Done, dt, 146.06522423716478
Elevator call,1425.9353539657573,-3,27,3,7, Done, dt, 36.06464603424274
Elevator call,1444.6054210887032,-4,0,3,8, Done, dt, 15.394578911296776
Elevator call,1445.0370901273861,0,3,3,3, Done, dt, 44.962909872613864
Elevator call,1449.2266580537712,-3,17,3,3, Done, dt, 57.77334194622881
Elevator call,1449.5983328856476,0,-1,3,5, Done, dt, 162.40166711435245
Elevator call,1456.0363560975115,-1,23,3,5, Done, dt, 37.96364390248846
Elevator call,1457.2506599837823,-2,49,3,3, Done, dt, 75.74934001621773
Elevator call,1458.7207267130516,6,-1,3,4, Done, dt, 75.27927328694841
Elevator call,1460.2174351165045,30,-3,3,0, Done, dt, 60.782564883495525
Elevator call,1464.563308162964,18,0,3,7, Done, dt, 55.43669183703605
Elevator call,1470.7475089142663,17,25,3,8, Done, dt, 45.25249108573371
Elevator call,1472.9039153699532,-1,0,3,6, Done, dt, 281.0960846300468
Elevator call,1472.9263965529299,-4,23,2,9
Elevator call,1478.0657510346257,17,3,3,7, Done, dt, 29.93424896537431
Elevator call,1489.216351445521,-3,0,3,2, Done, dt, 24.783648554478987
Elevator call,1489.5913749561882,42,0,3,1, Done, dt, 198.40862504381175
Elevator call,1490.1401865962212,0,41,3,1, Done, dt, 67.85981340377884
Elevator call,1491.2356790353658,-3,-4,3,4, Done, dt, 75.76432096463418
Elevator call,1491.9876716243064,48,27,3,1, Done, dt, 594.0123283756936
Elevator call,1492.211731617477,4,-2,3,4, Done, dt, 52.78826838252303
Elevator call,1499.1101509757077,4,-2,3,4, Done, dt, 45.88984902429229
Elevator call,1501.0594802002897,0,8,3,2, Done, dt, 50.94051979971027
Elevator call,1505.1531988041907,0,-2,3,4, Done, dt, 39.84680119580935
Elevator call,1509.6144705911147,43,0,3,5, Done, dt, 62.385529408885304
Elevator call,1511.149938466147,-4,37,2,1
Elevator call,1512.6432289118493,-3,-4,3,0, Done, dt, 19.35677108815071
Elevator call,1512.7103496933357,-3,-4,3,0, Done, dt, 19.28965030666427
Elevator call,1513.2815820772723,28,-2,3,1, Done, dt, 196.71841792272767
Elevator call,1515.2762541582274,-4,23,2,8
Elevator call,1516.9045798111706,-1,10,3,1, Done, dt, 1640.0954201888294
Elevator call,1517.4410305743113,0,3,3,2, Done, dt, 19.5589694256887
Elevator call,1525.3474653801065,-4,31,3,9, Done, dt, 49.65253461989346
Elevator call,1528.7833646204786,-4,3,3,9, Done, dt, 22.21663537952145
Elevator call,1533.4993547271415,40,-4,3,5, Done, dt, 50.50064527285849
Elevator call,1543.8282027621233,-1,-3,3,6, Done, dt, 13.171797237876717
Elevator call,1550.4739993596936,36,-4,3,3, Done, dt, 99.52600064030639
Elevator call,1559.0882750938326,-4,0,3,0, Done, dt, 25.911724906167365
Elevator call,1559.5003296238565,10,-2,3,2, Done, dt, 34.49967037614351
Elevator call,1559.6783646864003,-1,7,3,6, Done, dt, 40.3216353135997
Elevator call,1560.313330289477,-2,35,3,6, Done, dt, 77.68666971052289
Elevator call,1560.6977373374482,31,0,3,3, Done, dt, 56.30226266255181
Elevator call,1563.9621772497476,44,-3,3,7, Done, dt, 126.03782275025242
Elevator call,1567.0385482755566,-2,0,3,0, Done, dt, 17.96145172444335
Elevator call,1567.7677387191982,-4,32,3,4, Done, dt, 77.23226128080182
Elevator call,1570.167292113183,-4,21,3,4, Done, dt, 53.832707886816934
Elevator call,1570.3515763727153,47,-2,3,8, Done, dt, 430.6484236272847
Elevator call,1573.0337431405487,-4,9,3,4, Done, dt, 28.966256859451278
Elevator call,1581.2418281838495,6,-1,3,3, Done, dt, 46.75817181615048
Elevator call,1586.7149392463398,32,0,3,9, Done, dt, 37.28506075366022
Elevator call,1589.3910874595208,-3,1,3,5, Done, dt, 44.608912540479196
Elevator call,1589.9038238637465,-4,34,3,0, Done, dt, 62.09617613625346
Elevator call,1592.275142001017,-1,0,3,5, Done, dt, 30.724857998982998
Elevator call,1592.313241494302,0,43,3,5, Done, dt, 83.68675850569798
Elevator call,1596.3459143787545,-2,26,3,2, Done, dt, 59.654085621245486
Elevator call,1602.4992770395613,-1,22,3,2, Done, dt, 39.50072296043868
Elevator call,1602.9991506248982,-1,34,3,2, Done, dt, 81.00084937510178
Elevator call,1605.979419716848,0,-1,3,3, Done, dt, 22.020580283151958
Elevator call,1606.4119333336193,28,0,3,7, Done, dt, 51.588066666380655
Elevator call,1607.5724675361128,26,-4,3,7, Done, dt, 93.42753246388725
Elevator call,1608.2837504357428,-1,24,3,5, Done, dt, 47.71624956425717
Elevator call,1611.4985260284295,-3,37,2,1
Elevator call,1613.3300436977615,16,0,3,1, Done, dt, 74.66995630223846
Elevator call,1614.9819869277,-2,0,3,1, Done, dt, 170.01801307229994
Elevator call,1616.495819946025,-3,22,3,1, Done, dt, 566.504180053975
Elevator call,1620.6719064690649,-4,-5,3,3, Done, dt, 40.32809353093512
Elevator call,1621.8520280072983,-2,16,2,1
Elevator call,1625.2923988696975,-3,-4,3,3, Done, dt, 24.707601130302464
Elevator call,1626.9813954083652,-4,2,3,9, Done, dt, 77.01860459163481
Elevator call,1631.9267580974501,29,-1,3,1, Done, dt, 345.07324190254985
Elevator call,1632.30218416876,-1,14,2,1
Elevator call,1638.0876745228531,19,32,2,6
Elevator call,1639.789215400572,4,-4,3,7, Done, dt, 61.21078459942805
Elevator call,1642.7750390296922,-3,43,3,9, Done, dt, 133.22496097030785
Elevator call,1644.5741373343026,43,12,3,8, Done, dt, 55.42586266569742
Elevator call,1646.806421643032,4,47,3,9, Done, dt, 152.19357835696792
Elevator call,1651.8118794033398,-1,24,3,9, Done, dt, 94.18812059666016
Elevator call,1652.5436622208238,0,-1,3,7, Done, dt, 16.456337779176238
Elevator call,1655.0561988096447,0,15,3,9, Done, dt, 75.94380119035532
Elevator call,1657.0660455805853,14,0,3,6, Done, dt, 96.9339544194147
Elevator call,1659.267827181413,28,35,3,2, Done, dt, 35.73217281858706
Elevator call,1660.0124617656197,27,6,3,6, Done, dt, 67.98753823438028
Elevator call,1662.3727236971508,-1,1,3,9, Done, dt, 30.627276302849168
Elevator call,1671.5142487209814,34,0,3,0, Done, dt, 45.48575127901859
Elevator call,1671.5963931970773,41,2,3,4, Done, dt, 78.4036068029227
Elevator call,1673.0262380475997,-1,-3,3,7, Done, dt, 16.97376195240031
Elevator call,1674.9932169087417,47,-4,3,3, Done, dt, 171.00678309125828
Elevator call,1676.5556477102718,1,-2,3,6, Done, dt, 99.44435228972816
Elevator call,1678.3204170962827,41,11,3,5, Done, dt, 36.679582903717346
Elevator call,1680.297341368763,-1,37,3,3, Done, dt, 88.702658631237
Elevator call,1680.6387712839426,-4,31,3,3, Done, dt, 64.36122871605744
Elevator call,1680.7417310140845,18,-3,3,6, Done, dt, 106.25826898591549
Elevator call,1682.8327106265995,-4,0,3,3, Done, dt, 36.167289373400536
Elevator call,1688.8963190061388,-3,-4,3,7, Done, dt, 12.10368099386119
Elevator call,1693.027600545047,26,-4,3,4, Done, dt, 82.97239945495289
Elevator call,1693.7083720924857,5,-1,3,8, Done, dt, 39.29162790751434
Elevator call,1698.778965963265,49,-1,3,2, Done, dt, 114.22103403673509
Elevator call,1699.477626376131,-2,-3,3,1, Done, dt, 21.522373623869044
Elevator call,1701.0124433964452,-1,50,3,3, Done, dt, 94.98755660355482
Elevator call,1701.7117363940654,-1,34,3,3, Done, dt, 55.28826360593462
Elevator call,1703.4655658368163,0,-1,3,0, Done, dt, 24.534434163183732
Elevator call,1705.7653605505652,-3,3,3,7, Done, dt, 24.23463944943478
Elevator call,1712.6270074042018,39,46,3,9, Done, dt, 75.37299259579822
Elevator call,1721.7776609968566,23,41,3,5, Done, dt, 35.22233900314336
Elevator call,1722.237480410378,-2,0,3,1, Done, dt, 62.76251958962189
Elevator call,1725.141688103619,-3,-1,3,1, Done, dt, 48.85831189638111
Elevator call,1731.0116675260697,-4,0,3,0, Done, dt, 27.988332473930313
Elevator call,1731.5562817703594,-3,30,3,7, Done, dt, 40.44371822964058
Elevator call,1732.1232989842915,0,-3,3,8, Done, dt, 24.876701015708477
Elevator call,1732.7444193815377,0,6,3,1, Done, dt, 76.25558061846232
Elevator call,1737.6126440052267,40,-2,3,1, Done, dt, 260.3873559947733
Elevator call,1738.368638245718,47,0,3,1, Done, dt, 227.6313617542819
Elevator call,1738.6173668112058,43,0,3,1, Done, dt, 227.38263318879422
Elevator call,1739.8360162827166,30,-3,3,2, Done, dt, 85.16398371728337
Elevator call,1741.9729323104184,1,-1,3,6, Done, dt, 23.0270676895816
Elevator call,1742.1405684399576,-4,5,3,1, Done, dt, 55.85943156004237
Elevator call,1742.4704175895267,0,-4,3,4, Done, dt, 33.52958241047327
Elevator call,1751.8219308575324,33,-1,3,1, Done, dt, 225.17806914246762
Elevator call,1753.2940678476284,17,0,3,2, Done, dt, 48.70593215237159
Elevator call,1771.0031016092044,46,0,3,5, Done, dt, 56.99689839079565
Elevator call,1771.6924482858142,0,-1,3,0, Done, dt, 12.30755171418582
Elevator call,1778.0210550131635,0,35,3,8, Done, dt, 58.978944986836495
Elevator call,1780.3902335958935,0,-1,3,4, Done, dt, 121.6097664041065
Elevator call,1781.4140231821896,43,0,3,7, Done, dt, 59.58597681781043
Elevator call,1783.235145809691,0,-1,3,0, Done, dt, 89.76485419030905
Elevator call,1784.2686250745971,0,-1,3,2, Done, dt, 28.73137492540286
Elevator call,1794.3859070680346,28,-4,3,5, Done, dt, 66.61409293196539
Elevator call,1794.8308494094972,-2,14,3,6, Done, dt, 37.169150590502795
Elevator call,1796.0165385309297,-2,24,3,6, Done, dt, 55.983461469070335
Elevator call,1797.3106638715612,-4,-1,3,3, Done, dt, 329.68933612843875
Elevator call,1801.7048849417736,0,3,3,0, Done, dt, 16.29511505822643
Elevator call,1801.9899544547197,-4,32,3,9, Done, dt, 337.01004554528026
Elevator call,1803.4350303561544,-4,13,3,1, Done, dt, 1072.5649696438456
Elevator call,1813.0454977139805,22,0,3,7, Done, dt, 27.954502286019533
Elevator call,1816.6710087584697,0,-3,3,4, Done, dt, 14.328991241530275
Elevator call,1831.3623194993834,-3,-4,3,2, Done, dt, 12.637680500616625
Elevator call,1832.6291956639932,0,-3,3,5, Done, dt, 17.370804336006813
Elevator call,1834.733039862038,5,0,3,0, Done, dt, 27.266960137962087
Elevator call,1836.885196312994,-3,3,3,4, Done, dt, 17.114803687006088
Elevator call,1837.8809798173404,30,8,3,8, Done, dt, 47.1190201826596
Elevator call,1847.226236587701,-2,0,3,2, Done, dt, 24.773763412299104
Elevator call,1851.2178210120132,37,-4,3,6, Done, dt, 154.78217898798675
Elevator call,1855.6443796745436,9,0,3,4, Done, dt, 35.35562032545636
Elevator call,1858.2797133529637,0,-1,3,0, Done, dt, 14.720286647036346
Elevator call,1859.2755894462596,3,-2,3,7, Done, dt, 25.724410553740427
Elevator call,1861.8018551073706,-3,39,3,3, Done, dt, 93.19814489262944
Elevator call,1865.5687051970885,-2,0,3,3, Done, dt, 39.43129480291145
Elevator call,1866.653100425739,-3,-4,3,5, Done, dt, 93.34689957426099
Elevator call,1867.4506755531916,0,-1,3,9, Done, dt, 221.54932444680844
Elevator call,1870.5062231637992,36,0,3,1, Done, dt, 95.49377683620082
Elevator call,1871.2713799911594,19,0,3,2, Done, dt, 108.72862000884061
Elevator call,1875.3404729645688,-1,8,3,0, Done, dt, 20.65952703543121
Elevator call,1882.3390780596653,-3,15,3,5, Done, dt, 24.660921940334674
Elevator call,1882.5774839738633,0,-1,3,4, Done, dt, 19.42251602613669
Elevator call,1886.393081354113,-4,47,3,7, Done, dt, 47.606918645886935
Elevator call,1888.3889301609177,24,0,3,6, Done, dt, 83.61106983908235
Elevator call,1888.502340301806,39,0,3,8, Done, dt, 100.49765969819396
Elevator call,1888.7734941678218,-2,29,3,3, Done, dt, 41.22650583217819
Elevator call,1890.153546319721,49,-3,3,9, Done, dt, 92.84645368027896
Elevator call,1891.3918029793742,48,-2,3,1, Done, dt, 586.6081970206258
Elevator call,1893.0453830229326,12,-2,3,6, Done, dt, 100.95461697706742
Elevator call,1895.732191239106,29,-1,3,0, Done, dt, 111.26780876089401
Elevator call,1897.8521209029116,49,-4,3,1, Done, dt, 370.14787909708843
Elevator call,1900.6019993656198,-3,-4,3,4, Done, dt, 24.398000634380196
Elevator call,1903.0957064534314,0,46,3,3, Done, dt, 75.90429354656862
Elevator call,1903.737489057915,33,-3,3,1, Done, dt, 105.2625109420851
Elevator call,1908.2061624572284,-2,-1,3,5, Done, dt, 93.7938375427716
Elevator call,1909.7864728766983,39,0,3,1, Done, dt, 325.2135271233017
Elevator call,1912.261822424403,-4,23,3,2, Done, dt, 100.73817757559709
Elevator call,1914.0424744880743,4,0,3,6, Done, dt, 57.95752551192572
Elevator call,1922.9562129214025,28,-1,3,1, Done, dt, 54.04378707859746
Elevator call,1923.0036686773226,-3,-4,3,5, Done, dt, 36.996331322677406
Elevator call,1923.2472622843316,10,-4,3,6, Done, dt, 82.75273771566845
Elevator call,1923.710208852892,0,-1,3,6, Done, dt, 59.28979114710796
Elevator call,1927.0778144310136,0,-1,3,4, Done, dt, 188.92218556898638
Elevator call,1928.6761826884015,27,0,3,0, Done, dt, 67.32381731159853
Elevator call,1931.2142621332919,-2,13,3,4, Done, dt, 73.78573786670813
Elevator call,1932.8903245839465,0,5,3,4, Done, dt, 54.109675416053506
Elevator call,1933.1997241451045,-2,0,3,4, Done, dt, 38.80027585489552
Elevator call,1935.2400332564332,-4,7,3,7, Done, dt, 1244.7599667435668
Elevator call,1935.6935673234314,33,42,3,3, Done, dt, 31.306432676568647
Elevator call,1936.7007137073797,-3,2,3,1, Done, dt, 287.2992862926203
Elevator call,1941.0757267171962,5,-1,3,6, Done, dt, 41.924273282803824
Elevator call,1943.813247144802,-2,-1,3,4, Done, dt, 17.186752855197938
Elevator call,1947.9134710779883,36,-3,3,1, Done, dt, 309.08652892201167
Elevator call,1949.784947464023,7,0,3,9, Done, dt, 21.215052535977065
Elevator call,1950.1322000926036,-3,48,3,2, Done, dt, 97.86779990739637
Elevator call,1950.4927073135539,4,-1,3,6, Done, dt, 32.507292686446135
Elevator call,1951.5762467960542,9,-1,3,0, Done, dt, 55.42375320394581
Elevator call,1953.9457753293286,17,-2,3,0, Done, dt, 64.05422467067137
Elevator call,1958.3993118799992,-3,0,3,2, Done, dt, 21.60068812000077
Elevator call,1958.4940710636354,0,40,3,4, Done, dt, 83.50592893636463
Elevator call,1963.5902472963053,8,-2,3,8, Done, dt, 37.40975270369472
Elevator call,1969.983244108679,13,-2,3,5, Done, dt, 164.01675589132105
Elevator call,1976.7870015945477,17,-1,3,1, Done, dt, 269.21299840545225
Elevator call,1980.215421094965,-2,44,2,3
Elevator call,1981.2333470983403,-2,0,3,5, Done, dt, 31.766652901659654
Elevator call,1986.9378763114516,0,14,3,5, Done, dt, 54.062123688548354
Elevator call,1988.4417714287342,-4,0,3,7, Done, dt, 13.558228571265772
Elevator call,1988.5377668036501,24,0,3,3, Done, dt, 127.46223319634987
Elevator call,1988.8771071841018,17,-3,3,9, Done, dt, 198.12289281589824
Elevator call,1989.3912353704022,28,-2,3,3, Done, dt, 148.60876462959777
Elevator call,1991.713841336244,-1,25,3,5, Done, dt, 65.28615866375594
Elevator call,1992.8311180023356,39,3,3,3, Done, dt, 111.16888199766436
Elevator call,1995.5086136347534,45,-1,3,1, Done, dt, 250.49138636524663
Elevator call,1999.7854611709754,13,0,3,3, Done, dt, 116.2145388290246
Elevator call,1999.9814024539469,-1,27,3,5, Done, dt, 68.01859754605312
Elevator call,2001.6623201998348,-2,33,3,8, Done, dt, 46.33767980016523
Elevator call,2004.2338931477004,-2,-3,3,0, Done, dt, 24.766106852299572
Elevator call,2004.8486110316271,49,-2,3,7, Done, dt, 122.15138896837288
Elevator call,2006.7990800263094,30,-2,3,3, Done, dt, 131.2009199736906
Elevator call,2011.1966942199874,33,0,3,3, Done, dt, 104.80330578001258
Elevator call,2017.5591226913011,23,-3,3,6, Done, dt, 223.44087730869887
Elevator call,2018.9902118453663,26,-2,3,9, Done, dt, 39.009788154633725
Elevator call,2019.1480094518727,-2,0,3,6, Done, dt, 42.85199054812733
Elevator call,2020.4943878863019,0,30,3,6, Done, dt, 101.50561211369813
Elevator call,2020.9033700331543,0,20,3,6, Done, dt, 71.09662996684574
Elevator call,2021.1149579348416,-4,19,3,1, Done, dt, 50.88504206515836
Elevator call,2022.312161970407,27,-4,3,1, Done, dt, 245.68783802959297
Elevator call,2024.441511289249,-1,48,3,6, Done, dt, 125.55848871075091
Elevator call,2025.0602729039174,-1,0,3,6, Done, dt, 36.939727096082606
Elevator call,2032.228737271991,-2,5,3,0, Done, dt, 38.771262728009106
Elevator call,2034.2201218223008,0,49,3,0, Done, dt, 90.77987817769917
Elevator call,2043.218946595488,49,-1,3,7, Done, dt, 72.78105340451202
Elevator call,2044.0813204659655,-4,42,3,4, Done, dt, 150.91867953403448
Elevator call,2047.63108700393,37,-1,3,4, Done, dt, 68.3689129960701
Elevator call,2049.948719536048,0,50,3,0, Done, dt, 86.05128046395203
Elevator call,2056.375683874023,14,-2,3,8, Done, dt, 65.6243161259772
Elevator call,2058.487864400715,31,-4,3,8, Done, dt, 75.5121355992851
Elevator call,2059.661692490435,9,-1,3,3, Done, dt, 67.33830750956486
Elevator call,2062.977255395689,7,-2,3,3, Done, dt, 75.0227446043109
Elevator call,2066.6166082886116,33,-3,3,4, Done, dt, 61.38339171138841
Elevator call,2067.500397222851,0,-2,3,9, Done, dt, 253.499602777149
Elevator call,2074.1258396433245,-4,23,2,2
Elevator call,2074.5000292157097,1,0,3,7, Done, dt, 30.499970784290326
Elevator call,2074.6675106322587,5,-3,3,7, Done, dt, 63.332489367741346
Elevator call,2082.350297489644,-4,26,2,5
Elevator call,2082.550351904495,-1,0,3,9, Done, dt, 17.449648095504926
Elevator call,2087.0918614190236,40,0,3,2, Done, dt, 95.90813858097636
Elevator call,2088.076238013634,0,-1,3,7, Done, dt, 27.923761986366117
Elevator call,2091.6180080631675,0,14,3,9, Done, dt, 25.38199193683249
Elevator call,2097.6795122776502,27,-3,3,2, Done, dt, 108.32048772234975
Elevator call,2098.0553498989207,-1,8,2,1
Elevator call,2101.269852375189,-4,34,2,1
Elevator call,2107.4473031078146,24,-1,3,2, Done, dt, 86.5526968921854
Elevator call,2112.8901858564545,2,5,2,1
Elevator call,2119.4446766497167,32,-1,3,9, Done, dt, 56.55532335028329
Elevator call,2122.398877073973,-2,0,3,5, Done, dt, 22.601122926027074
Elevator call,2129.204755997389,11,12,3,5, Done, dt, 42.79524400261107
Elevator call,2131.6126622572106,-3,22,3,1, Done, dt, 421.38733774278944
Elevator call,2134.5958562918972,31,17,2,8
Elevator call,2143.8732731224727,41,-3,3,0, Done, dt, 73.12672687752729
Elevator call,2146.8027655814844,24,-3,3,9, Done, dt, 40.19723441851556
Elevator call,2156.6016498396343,-1,12,3,3, Done, dt, 59.39835016036568
Elevator call,2156.9232348933983,5,-3,3,2, Done, dt, 49.07676510660167
Elevator call,2158.788624712423,-1,20,3,3, Done, dt, 82.21137528757708
Elevator call,2159.6719834468263,44,-2,3,6, Done, dt, 70.32801655317371
Elevator call,2169.092846444923,0,1,3,3, Done, dt, 30.907153555077002
Elevator call,2176.554304455535,-3,-1,3,7, Done, dt, 12.445695544464797
Elevator call,2179.5554506344192,0,17,3,3, Done, dt, 49.44454936558077
Elevator call,2196.7568954487697,0,-1,3,7, Done, dt, 229.24310455123032
Elevator call,2201.175939012386,-3,46,3,9, Done, dt, 36.82406098761385
Elevator call,2206.3534136649114,34,-1,3,8, Done, dt, 128.6465863350886
Elevator call,2208.811270743997,35,-4,3,4, Done, dt, 116.18872925600317
Elevator call,2209.2672033227104,0,-3,3,1, Done, dt, 47.73279667728957
Elevator call,2210.7497681510613,-4,16,3,5, Done, dt, 59.25023184893871
Elevator call,2216.6856272978303,37,0,3,4, Done, dt, 84.31437270216975
Elevator call,2219.232290431314,14,0,3,0, Done, dt, 348.76770956868586
Elevator call,2220.75400515803,50,0,3,2, Done, dt, 182.24599484197006
Elevator call,2223.412421134137,13,-3,3,8, Done, dt, 133.58757886586318
Elevator call,2227.6203788204625,-3,-4,3,6, Done, dt, 24.37962117953748
Elevator call,2229.338715394185,-1,-3,3,1, Done, dt, 27.661284605815126
Elevator call,2231.9943372539674,-3,14,3,5, Done, dt, 27.005662746032613
Elevator call,2236.217631936388,27,-4,3,4, Done, dt, 88.78236806361201
Elevator call,2237.8062398140846,-1,-4,3,1, Done, dt, 30.19376018591538
Elevator call,2240.6449757883006,10,0,3,8, Done, dt, 83.3550242116994
Elevator call,2251.593892239632,18,35,3,0, Done, dt, 46.40610776036783
Elevator call,2261.8130064817224,9,-2,3,8, Done, dt, 84.18699351827763
Elevator call,2265.817007012379,4,0,3,8, Done, dt, 58.18299298762122
Elevator call,2267.19035179452,10,0,3,8, Done, dt, 56.80964820547979
Elevator call,2268.3103477996337,32,-4,3,3, Done, dt, 85.68965220036625
Elevator call,2269.073935805,10,-4,3,8, Done, dt, 98.92606419499998
Elevator call,2276.5214269910075,32,-2,3,9, Done, dt, 44.4785730089925
Elevator call,2277.043986281128,7,-1,3,4, Done, dt, 34.95601371887187
Elevator call,2289.1370316807693,-2,19,3,6, Done, dt, 73.86296831923073
Elevator call,2292.520492868226,-3,13,3,6, Done, dt, 54.47950713177397
Elevator call,2296.0906580242245,14,-4,3,5, Done, dt, 30.909341975775533
Elevator call,2296.412084711522,0,37,3,7, Done, dt, 60.58791528847814
Elevator call,2297.4939448430077,1,-4,3,8, Done, dt, 70.50605515699226
Elevator call,2297.867955764988,0,47,3,6, Done, dt, 103.13204423501202
Elevator call,2300.692761888051,0,14,3,7, Done, dt, 24.30723811194912
Elevator call,2300.8563609367807,10,0,3,3, Done, dt, 20.143639063219325
Elevator call,2304.3268542855617,0,21,3,7, Done, dt, 34.673145714438306
Elevator call,2312.5209758484525,42,34,3,0, Done, dt, 35.47902415154749
Elevator call,2312.7273582745906,27,0,3,2, Done, dt, 90.27264172540936
Elevator call,2317.1483575635148,49,-3,3,2, Done, dt, 118.85164243648524
Elevator call,2318.237604473987,-1,-3,3,8, Done, dt, 38.762395526012824
Elevator call,2320.286064087497,13,0,3,9, Done, dt, 239.71393591250308
Elevator call,2325.075165565704,0,-3,3,3, Done, dt, 17.924834434295917
Elevator call,2326.7275002159,-1,-3,3,8, Done, dt, 30.27249978410009
Elevator call,2330.5432845885116,0,-3,3,4, Done, dt, 307.4567154114884
Elevator call,2332.1906833972625,50,-4,3,1, Done, dt, 156.80931660273745
Elevator call,2340.3177131204475,0,-4,3,5, Done, dt, 356.6822868795525
Elevator call,2340.469943741249,-4,-3,3,1, Done, dt, 23.530056258750847
Elevator call,2342.026231622156,44,-4,3,1, Done, dt, 146.97376837784395
Elevator call,2344.8057675925074,24,-3,3,2, Done, dt, 91.19423240749256
Elevator call,2354.428601372434,0,-2,3,4, Done, dt, 13.57139862756594
Elevator call,2363.0720326055357,-4,8,3,3, Done, dt, 17.927967394464304
Elevator call,2368.7084121721655,46,17,3,0, Done, dt, 71.29158782783452
Elevator call,2376.1285639463836,46,-1,3,7, Done, dt, 49.871436053616435
Elevator call,2380.0640336509073,38,36,2,4
Elevator call,2386.125101812239,0,31,3,5, Done, dt, 27.87489818776112
Elevator call,2387.7776566514594,0,37,3,4, Done, dt, 82.22234334854056
Elevator call,2388.3236802242277,-1,-3,3,8, Done, dt, 255.6763197757723
Elevator call,2393.4263161010113,-2,-4,3,2, Done, dt, 53.57368389898875
Elevator call,2393.760326396805,0,31,3,4, Done, dt, 50.239673603195115
Elevator call,2393.7668439016397,11,-2,3,9, Done, dt, 28.23315609836027
Elevator call,2394.736767313903,-1,-2,3,2, Done, dt, 30.263232686097126
Elevator call,2397.8658642124356,7,-2,3,3, Done, dt, 57.134135787564446
Elevator call,2398.917669305331,32,-1,3,0, Done, dt, 99.08233069466905
Elevator call,2399.7788919716613,-4,24,2,1
Elevator call,2407.547511431685,-4,0,3,6, Done, dt, 129.45248856831495
Elevator call,2407.6953125232085,-2,0,3,1, Done, dt, 124.30468747679151
Elevator call,2409.1357842188463,0,-1,3,3, Done, dt, 34.86421578115369
Elevator call,2409.932584009432,-4,-2,3,1, Done, dt, 313.06741599056795
Elevator call,2415.078751186497,35,0,3,5, Done, dt, 40.9212488135031
Elevator call,2417.80623252286,40,-4,3,6, Done, dt, 91.19376747714023
Elevator call,2421.86018769437,6,0,3,8, Done, dt, 199.13981230563013
Elevator call,2427.4430787152924,0,-1,3,3, Done, dt, 16.55692128470764
Elevator call,2430.7944697190233,14,-1,3,0, Done, dt, 67.20553028097675
Elevator call,2432.9121493721723,43,38,2,7
Elevator call,2433.2725267716382,29,-2,3,6, Done, dt, 63.72747322836176
Elevator call,2433.478494117684,-2,16,3,9, Done, dt, 40.52150588231598
Elevator call,2433.9722211183735,0,28,3,8, Done, dt, 57.027778881626546
Elevator call,2435.6369742583897,9,-2,3,0, Done, dt, 73.36302574161027
Elevator call,2437.3050543688196,-2,4,3,9, Done, dt, 20.694945631180417
Elevator call,2444.95023414685,-1,22,3,1, Done, dt, 108.04976585314989
Elevator call,2457.877772062192,29,-1,3,2, Done, dt, 203.12222793780802
Elevator call,2458.002613802915,6,-1,3,0, Done, dt, 39.99738619708478
Elevator call,2463.6525575769356,-1,0,3,2, Done, dt, 28.34744242306442
Elevator call,2473.5619500365506,-1,18,3,2, Done, dt, 46.43804996344943
Elevator call,2476.011393335222,39,-1,3,7, Done, dt, 74.98860666477822
Elevator call,2478.0359209084363,34,42,3,8, Done, dt, 46.96407909156369
Elevator call,2479.331921765841,-4,0,3,3, Done, dt, 23.66807823415911
Elevator call,2490.9178877534073,41,0,3,4, Done, dt, 104.08211224659271
Elevator call,2491.3508010982187,-3,0,3,1, Done, dt, 40.64919890178135
Elevator call,2491.766357836541,-4,-1,3,1, Done, dt, 29.23364216345908
Elevator call,2497.2364537023295,39,0,3,9, Done, dt, 62.76354629767047
Elevator call,2497.979024395474,50,-2,3,5, Done, dt, 71.02097560452603
Elevator call,2498.9173903235423,0,-4,3,7, Done, dt, 74.08260967645765
Elevator call,2499.3995563538256,0,-3,3,7, Done, dt, 62.600443646174426
Elevator call,2501.9469761766222,20,-1,3,7, Done, dt, 49.05302382337777
Elevator call,2503.1119780135423,15,0,3,7, Done, dt, 36.888021986457716
Elevator call,2504.4342590050687,40,-2,3,4, Done, dt, 122.56574099493128
Elevator call,2511.6393469637865,-1,-3,3,0, Done, dt, 23.360653036213535
Elevator call,2518.459694376005,0,-4,3,3, Done, dt, 13.54030562399521
Elevator call,2520.9049901325434,0,19,3,0, Done, dt, 86.09500986745661
Elevator call,2522.0003306689187,49,0,3,6, Done, dt, 236.99966933108135
Elevator call,2530.1252325121077,13,-1,3,4, Done, dt, 75.87476748789231
Elevator call,2536.1644486998566,-3,6,3,0, Done, dt, 47.83555130014338
Elevator call,2538.4007628055765,-4,18,3,3, Done, dt, 22.599237194423495
Elevator call,2540.7143006598967,1,-3,3,9, Done, dt, 31.285699340103292
Elevator call,2541.256971339464,16,-3,3,4, Done, dt, 96.74302866053586
Elevator call,2546.2599410863213,31,26,3,2, Done, dt, 37.740058913678695
Elevator call,2546.955570550832,-1,-4,3,7, Done, dt, 26.044429449168092
Elevator call,2547.9503375451195,-1,35,3,0, Done, dt, 85.04966245488049
Elevator call,2548.3612910600405,0,-1,3,8, Done, dt, 83.63870893995954
Elevator call,2549.673809179427,0,45,3,0, Done, dt, 103.32619082057317
Elevator call,2550.080015757623,41,-4,3,8, Done, dt, 104.91998424237681
Elevator call,2560.4940813458666,27,-4,3,2, Done, dt, 73.50591865413344
Elevator call,2564.029528134534,6,-1,3,4, Done, dt, 41.97047186546615
Elevator call,2571.732149765796,27,0,3,2, Done, dt, 48.26785023420416
Elevator call,2571.7370272296557,20,-3,3,1, Done, dt, 33.26297277034428
Elevator call,2576.409606140838,-3,-2,3,9, Done, dt, 12.59039385916185
Elevator call,2579.178226834375,14,-2,3,3, Done, dt, 30.821773165625018
Elevator call,2580.948016162175,-4,0,3,7, Done, dt, 13.051983837824991
Elevator call,2580.975494098955,-1,37,3,5, Done, dt, 40.024505901044904
Elevator call,2594.2761317974378,11,-3,3,8, Done, dt, 49.723868202562244
Elevator call,2598.8982923533167,-3,18,3,9, Done, dt, 32.10170764668328
Elevator call,2601.720789709641,19,-3,3,6, Done, dt, 102.27921029035906
Elevator call,2604.674882673434,-3,15,3,1, Done, dt, 20.325117326566215
Elevator call,2608.5603398418316,14,-2,3,7, Done, dt, 35.43966015816841
Elevator call,2610.488800179101,-1,-4,3,4, Done, dt, 38.51119982089904
Elevator call,2612.9035847456016,-4,12,3,3, Done, dt, 29.09641525439838
Elevator call,2618.218674294866,0,26,3,1, Done, dt, 47.781325705133895
Elevator call,2623.4795973543205,30,-2,3,6, Done, dt, 69.5204026456795
Elevator call,2634.86354493551,37,-4,3,5, Done, dt, 62.13645506448984
Elevator call,2637.3353590725637,-3,-1,3,2, Done, dt, 23.664640927436267
Elevator call,2637.9236345437316,36,0,3,5, Done, dt, 47.07636545626838
Elevator call,2639.6357288871154,47,-3,3,9, Done, dt, 60.36427111288458
Elevator call,2641.2935338014418,34,0,3,5, Done, dt, 43.706466198558246
Elevator call,2643.633797162921,16,-2,3,6, Done, dt, 49.36620283707907
Elevator call,2643.825518175521,50,-1,3,3, Done, dt, 65.17448182447879
Elevator call,2647.403125758973,-4,5,3,7, Done, dt, 26.596874241026853
Elevator call,2654.0422277163634,-3,0,3,4, Done, dt, 54.95777228363659
Elevator call,2656.3160315441064,39,-4,3,0, Done, dt, 89.68396845589359
Elevator call,2657.7254137472337,0,-1,3,8, Done, dt, 200.2745862527663
Elevator call,2660.520116893277,50,33,3,2, Done, dt, 166.4798831067228
Elevator call,2660.9939458513522,-3,37,3,4, Done, dt, 125.00605414864776
Elevator call,2662.150523726106,0,45,3,2, Done, dt, 94.8494762738942
Elevator call,2664.5794333664853,-1,0,3,2, Done, dt, 17.42056663351468
Elevator call,2668.075054789295,-3,5,3,4, Done, dt, 55.92494521070512
Elevator call,2669.265410467152,-1,17,3,2, Done, dt, 39.73458953284808
Elevator call,2669.8455241690444,-2,32,3,4, Done, dt, 101.15447583095556
Elevator call,2672.3937396083656,31,18,3,1, Done, dt, 30.60626039163435
Elevator call,2676.0964655151365,-1,29,3,4, Done, dt, 81.90353448486348
Elevator call,2677.3285276609513,15,0,3,7, Done, dt, 33.671472339048705
Elevator call,2680.6666139143304,-4,-2,3,1, Done, dt, 64.33338608566964
Elevator call,2700.114344081284,43,-4,3,8, Done, dt, 180.8856559187161
Elevator call,2700.4942257921284,-4,40,3,5, Done, dt, 33.50577420787158
Elevator call,2701.735610969765,15,-3,3,0, Done, dt, 33.26438903023518
Elevator call,2705.3420140229277,-3,-4,3,6, Done, dt, 12.657985977072258
Elevator call,2706.1708025950443,25,-4,3,9, Done, dt, 131.82919740495572
Elevator call,2707.5045947265435,50,-4,3,1, Done, dt, 197.49540527345653
Elevator call,2709.9731156774637,28,-4,3,3, Done, dt, 72.02688432253626
Elevator call,2723.5221206204487,0,31,3,7, Done, dt, 27.47787937955127
Elevator call,2724.9255976030804,-1,2,3,6, Done, dt, 56.074402396919595
Elevator call,2728.310451524436,27,-2,3,1, Done, dt, 390.68954847556415
Elevator call,2731.305019192368,-2,24,3,6, Done, dt, 91.69498080763196
Elevator call,2732.3529029838287,17,0,3,9, Done, dt, 72.6470970161713
Elevator call,2733.4767706900197,0,45,3,6, Done, dt, 120.52322930998025
Elevator call,2734.4725509977065,15,-2,3,9, Done, dt, 81.52744900229345
Elevator call,2737.835371710625,23,0,3,3, Done, dt, 32.16462828937483
Elevator call,2743.842583434925,9,-2,3,9, Done, dt, 72.15741656507498
Elevator call,2747.0921902813293,16,-2,3,9, Done, dt, 68.9078097186707
Elevator call,2754.0035782155173,47,0,3,5, Done, dt, 48.99642178448266
Elevator call,2758.5305161355295,30,0,3,7, Done, dt, 46.469483864470476
Elevator call,2759.7323086309293,3,0,3,0, Done, dt, 205.2676913690707
Elevator call,2759.779775989906,41,0,3,8, Done, dt, 87.22022401009417
Elevator call,2761.945148651458,16,-1,3,8, Done, dt, 96.05485134854189
Elevator call,2762.9749045958188,0,19,3,6, Done, dt, 45.02509540418123
Elevator call,2763.8293777604254,-3,45,3,0, Done, dt, 105.17062223957464
Elevator call,2776.3956653946316,-2,0,3,0, Done, dt, 27.60433460536842
Elevator call,2777.893369235374,0,-3,3,9, Done, dt, 49.10663076462606
Elevator call,2778.7158312211386,10,-4,3,8, Done, dt, 102.28416877886139
Elevator call,2780.9384836176678,12,-2,3,7, Done, dt, 35.06151638233223
Elevator call,2783.4855344456646,0,-4,3,3, Done, dt, 208.5144655543354
Elevator call,2783.954607385368,2,0,3,9, Done, dt, 21.045392614631965
Elevator call,2784.4154434749566,18,-3,3,8, Done, dt, 85.58455652504335
Elevator call,2785.805961456637,32,27,3,4, Done, dt, 30.19403854336315
Elevator call,2787.008015699794,-1,0,3,0, Done, dt, 16.991984300205786
Elevator call,2789.7650390482004,46,-3,3,2, Done, dt, 113.23496095179962
Elevator call,2791.8189990832807,-2,-3,3,9, Done, dt, 35.18100091671931
Elevator call,2799.0616181182318,-1,10,3,3, Done, dt, 32.93838188176824
Elevator call,2802.048721431065,27,-3,3,4, Done, dt, 83.95127856893487
Elevator call,2809.5997318471823,33,0,3,2, Done, dt, 60.400268152817716
Elevator call,2809.902598363241,21,0,3,4, Done, dt, 63.09740163675906
Elevator call,2812.9051308863013,0,-4,3,5, Done, dt, 13.094869113698678
Elevator call,2816.487081468933,-2,44,3,7, Done, dt, 34.512918531067044
Elevator call,2820.486751332041,0,-4,3,8, Done, dt, 60.51324866795903
Elevator call,2825.241614884455,0,23,3,5, Done, dt, 34.758385115545025
Elevator call,2825.390560168902,-4,39,2,1
Elevator call,2833.1167065350623,-2,12,3,3, Done, dt, 54.88329346493765
Elevator call,2837.57837716447,0,25,3,9, Done, dt, 35.42162283552989
Elevator call,2841.6897490341357,32,13,3,1, Done, dt, 34.31025096586427
Elevator call,2846.977159393462,3,-4,3,4, Done, dt, 50.02284060653801
Elevator call,2853.8366182242835,-2,16,3,3, Done, dt, 46.163381775716516
Elevator call,2854.516140797933,-1,46,3,3, Done, dt, 70.48385920206692
Elevator call,2861.613115805339,31,-1,3,6, Done, dt, 106.38688419466098
Elevator call,2864.650766367333,-3,0,3,5, Done, dt, 240.34923363266716
Elevator call,2865.44820393249,29,-4,3,6, Done, dt, 115.55179606751017
Elevator call,2866.575886399205,7,-4,3,1, Done, dt, 38.42411360079495
Elevator call,2870.2799891720106,35,0,3,6, Done, dt, 86.72001082798943
Elevator call,2873.1764793075135,0,-2,3,2, Done, dt, 18.823520692486454
Elevator call,2876.734795325847,22,0,3,9, Done, dt, 54.26520467415321
Elevator call,2877.8368754473513,31,-1,3,6, Done, dt, 90.1631245526487
Elevator call,2879.6069129269804,0,30,3,0, Done, dt, 298.3930870730196
Elevator call,2882.08423902757,16,-1,3,9, Done, dt, 69.91576097242978
Elevator call,2884.3921685163123,-4,-5,3,8, Done, dt, 12.607831483687733
Elevator call,2889.390529767693,12,-4,3,6, Done, dt, 91.6094702323071
Elevator call,2889.741508317973,-4,30,2,7
Elevator call,2889.9983383288536,15,-3,3,9, Done, dt, 73.0016616711464
Elevator call,2898.9763968285088,0,-4,3,4, Done, dt, 205.02360317149123
Elevator call,2905.5301742166002,29,-4,3,6, Done, dt, 75.46982578339976
Elevator call,2911.860699532249,19,-3,3,0, Done, dt, 76.13930046775113
Elevator call,2913.538577712103,3,-2,3,2, Done, dt, 98.46142228789722
Elevator call,2922.4631531791056,0,-1,3,4, Done, dt, 12.536846820894425
Elevator call,2925.3429124394424,33,-2,3,3, Done, dt, 55.65708756055756
Elevator call,2930.192804489052,47,-4,3,8, Done, dt, 273.8071955109481
Elevator call,2932.036794136414,0,-4,3,9, Done, dt, 41.963205863586154
Elevator call,2940.1646771503847,16,-2,3,2, Done, dt, 71.8353228496153
Elevator call,2940.478836596982,34,0,3,4, Done, dt, 129.5211634030179
Elevator call,2941.339945338509,7,-1,3,0, Done, dt, 34.6600546614909
Elevator call,2951.403389652227,-1,43,3,5, Done, dt, 43.596610347773094
Elevator call,2954.9182572343534,26,-1,3,1, Done, dt, 186.0817427656466
Elevator call,2960.3565473728117,47,0,3,7, Done, dt, 126.64345262718825
Elevator call,2960.4611924364563,4,-4,3,3, Done, dt, 31.53880756354374
Elevator call,2969.1139642990447,19,0,3,1, Done, dt, 138.8860357009553
Elevator call,2973.1763925065557,44,-3,3,9, Done, dt, 269.82360749344434
Elevator call,2981.980304644336,8,0,3,6, Done, dt, 56.019695355664226
Elevator call,2981.992526396083,48,-2,3,1, Done, dt, 137.00747360391688
Elevator call,2982.2048735459384,2,-1,3,2, Done, dt, 18.795126454061574
Elevator call,2983.163119420429,17,-3,3,1, Done, dt, 146.8368805795708
Elevator call,2983.6562961659156,23,1,3,1, Done, dt, 113.34370383408441
Elevator call,2985.7767739967094,-3,0,3,9, Done, dt, 21.22322600329062
Elevator call,2989.0593359568884,26,-4,3,0, Done, dt, 109.94066404311161
Elevator call,2993.111909672555,45,0,3,3, Done, dt, 126.88809032744484
Elevator call,2995.13542730074,12,0,3,4, Done, dt, 74.86457269925995
Elevator call,2996.487948251339,-4,40,3,3, Done, dt, 49.51205174866118
Elevator call,3007.8247567503727,-2,-4,3,2, Done, dt, 16.17524324962733
Elevator call,3009.7105016888713,20,-4,3,4, Done, dt, 94.28949831112868
Elevator call,3011.4359994817114,14,-2,3,4, Done, dt, 70.5640005182886
Elevator call,3016.0323361102487,50,-2,3,8, Done, dt, 165.9676638897513
Elevator call,3019.4776649305277,-2,-3,3,6, Done, dt, 51.52233506947232
Elevator call,3021.1356207407416,37,-4,3,5, Done, dt, 127.86437925925838
Elevator call,3023.110570950913,41,0,3,5, Done, dt, 81.88942904908708
Elevator call,3025.195251548018,0,24,3,2, Done, dt, 48.80474845198205
Elevator call,3026.321650292561,28,-3,3,5, Done, dt, 111.67834970743888
Elevator call,3030.525445133995,0,-1,3,6, Done, dt, 18.474554866004837
Elevator call,3032.7823175165677,-3,0,3,7, Done, dt, 161.21768248343233
Elevator call,3034.9858323128196,44,0,3,7, Done, dt, 52.01416768718036
Elevator call,3035.2382442165076,7,-4,3,0, Done, dt, 63.76175578349239
Elevator call,3035.292343895002,29,-4,3,8, Done, dt, 168.70765610499802
Elevator call,3036.1972909907,47,-2,3,7, Done, dt, 61.80270900930009
Elevator call,3047.532583171968,39,-4,3,9, Done, dt, 45.46741682803213
Elevator call,3047.7822003608553,20,-4,3,8, Done, dt, 156.2177996391447
Elevator call,3049.3672691787556,15,-1,3,8, Done, dt, 121.63273082124442
Elevator call,3052.233847617031,47,0,3,1, Done, dt, 55.76615238296881
Elevator call,3052.2829799844358,21,0,3,8, Done, dt, 107.71702001556423
Elevator call,3054.9160269628637,-1,-4,3,0, Done, dt, 44.083973037136275
Elevator call,3059.469196118527,28,-1,3,8, Done, dt, 111.53080388147282
Elevator call,3060.792301667545,28,-2,3,5, Done, dt, 66.20769833245504
Elevator call,3061.371336163507,-3,-2,3,3, Done, dt, 189.62866383649316
Elevator call,3063.2243472634823,13,-2,3,8, Done, dt, 118.77565273651771
Elevator call,3068.3527138708796,27,-1,3,5, Done, dt, 47.6472861291204
Elevator call,3072.445285778441,0,13,3,6, Done, dt, 36.55471422155915
Elevator call,3074.0420245313676,-1,-3,3,0, Done, dt, 13.957975468632412
Elevator call,3077.6572733304447,35,-3,3,2, Done, dt, 89.3427266695553
Elevator call,3078.7572748348252,-3,-4,3,4, Done, dt, 25.24272516517476
Elevator call,3091.3119920009694,8,-3,3,8, Done, dt, 101.68800799903056
Elevator call,3091.456586138242,0,10,3,1, Done, dt, 65.54341386175793
Elevator call,3101.5277683552363,36,0,3,0, Done, dt, 176.47223164476372
Elevator call,3102.052035385791,4,0,3,9, Done, dt, 50.94796461420901
Elevator call,3103.269631004827,49,-1,3,4, Done, dt, 254.7303689951732
Elevator call,3107.9682746370845,33,0,3,3, Done, dt, 132.0317253629155
Elevator call,3110.160473073818,29,0,3,6, Done, dt, 65.83952692618186
Elevator call,3128.5434459609023,5,0,3,9, Done, dt, 24.456554039097682
Elevator call,3132.278846049211,-1,23,3,1, Done, dt, 41.7211539507889
Elevator call,3133.8234058001526,16,-1,3,7, Done, dt, 88.17659419984739
Elevator call,3135.6327304260367,3,-1,3,2, Done, dt, 19.367269573963313
Elevator call,3154.1797573363883,0,14,3,9, Done, dt, 18.82024266361168
Elevator call,3161.7381197581826,19,0,3,0, Done, dt, 116.26188024181738
Elevator call,3164.602341886496,-3,-4,3,2, Done, dt, 13.397658113503894
Elevator call,3164.76086352181,7,0,3,7, Done, dt, 29.239136478190176
Elevator call,3168.071064277022,27,-1,3,0, Done, dt, 120.92893572297817
Elevator call,3168.905439504665,30,-2,3,0, Done, dt, 131.09456049533492
Elevator call,3169.5798046229065,45,-2,3,3, Done, dt, 81.42019537709348
Elevator call,3172.136571589168,-4,-5,3,2, Done, dt, 16.863428410832057
Elevator call,3181.07309937684,26,-2,3,0, Done, dt, 118.92690062315978
Elevator call,3186.3283467026386,9,0,2,6
Elevator call,3187.3312097029684,25,-2,3,0, Done, dt, 112.66879029703159
Elevator call,3193.17035330469,10,0,3,9, Done, dt, 37.8296466953102
Elevator call,3196.536779047239,-2,-4,2,2
Elevator call,3203.239822884155,18,17,3,3, Done, dt, 17.76017711584518
Elevator call,3206.583787456285,-3,-2,3,2, Done, dt, 23.41621254371512
Elevator call,3209.467940993962,10,-3,3,9, Done, dt, 33.5320590060378
Elevator call,3210.470139248305,-1,23,3,7, Done, dt, 33.529860751695196
Elevator call,3215.3536946295912,-2,-3,2,8
Elevator call,3219.5343956519814,17,0,3,3, Done, dt, 20.465604348018587
Elevator call,3227.99515609041,17,-4,3,0, Done, dt, 84.00484390958991
Elevator call,3237.557661883782,34,-1,3,4, Done, dt, 120.4423381162178
Elevator call,3246.904410683031,35,-2,3,4, Done, dt, 122.09558931696893
Elevator call,3249.5359992868252,47,-1,3,6, Done, dt, 116.46400071317476
Elevator call,3253.191219120058,-1,-2,2,2
Elevator call,3255.804018550335,4,0,3,0, Done, dt, 22.19598144966494
Elevator call,3285.0002335683657,17,4,3,4, Done, dt, 47.99976643163427
Elevator call,3292.4620873869544,7,0,2,2
Elevator call,3294.768277626637,10,0,3,4, Done, dt, 52.23172237336303
Elevator call,3296.6897670590106,4,-1,2,8
Elevator call,3309.062435517648,0,-1,3,3, Done, dt, 34.93756448235217
Elevator call,3323.659464446604,0,-1,2,0
Elevator call,3326.434327366559,50,25,2,2
Elevator call,3332.725418940703,-1,-3,3,3, Done, dt, 22.274581059296906
Elevator call,3333.23634399171,0,42,3,0, Done, dt, 66.76365600829013
Elevator call,3337.3377799816417,31,0,3,1, Done, dt, 40.66222001835831
Elevator call,3338.991892253263,44,-2,3,8, Done, dt, 126.0081077467371
Elevator call,3342.8016710351167,4,-2,3,6, Done, dt, 34.19832896488333
Elevator call,3348.058239191636,11,-2,3,7, Done, dt, 33.94176080836405
Elevator call,3349.0302091549834,40,-4,3,9, Done, dt, 105.96979084501663
Elevator call,3358.732301369975,29,-2,3,3, Done, dt, 153.26769863002482
Elevator call,3361.4521893489036,-3,-1,3,3, Done, dt, 29.54781065109637
Elevator call,3377.474972851143,2,0,3,1, Done, dt, 77.52502714885713
Elevator call,3381.4486562594525,7,0,2,4
Elevator call,3383.0336493223235,33,0,3,9, Done, dt, 59.96635067767647
Elevator call,3389.5981014645567,3,-4,3,6, Done, dt, 32.40189853544325
Elevator call,3390.4839911013887,14,-2,3,8, Done, dt, 74.51600889861129
Elevator call,3402.7977895829968,16,-4,3,8, Done, dt, 74.20221041700324
Elevator call,3404.667235902953,18,0,3,9, Done, dt, 38.33276409704695
Elevator call,3406.427128130753,20,-4,3,9, Done, dt, 48.57287186924714
Elevator call,3418.8505555904403,2,-2,3,1, Done, dt, 13.149444409559692
Elevator call,3421.1421533843964,34,0,3,0, Done, dt, 62.85784661560365
Elevator call,3432.0150184601207,0,-1,2,1
Elevator call,3443.2981608246987,27,-1,3,3, Done, dt, 45.7018391753013
Elevator call,3444.4403755561525,19,-2,3,4, Done, dt, 53.5596244438475
Elevator call,3449.5545003088855,-3,-2,3,6, Done, dt, 22.44549969111449
Elevator call,3458.884230934001,47,0,2,2
Elevator call,3462.982532458551,31,-4,2,2
Elevator call,3468.0464578609963,9,-3,3,3, Done, dt, 31.95354213900373
Elevator call,3472.5708794790653,40,21,3,2, Done, dt, 65.4291205209347
Elevator call,3473.9876743480872,28,15,3,2, Done, dt, 80.01232565191276
Elevator call,3475.971480107047,4,-1,2,6
Elevator call,3488.540748414931,-4,-3,3,5, Done, dt, 12.459251585069069
Elevator call,3489.1501202248724,48,-1,2,0
Elevator call,3492.9879247273666,44,37,2,8
Elevator call,3495.7963996322123,45,-4,2,1
Elevator call,3496.3526150530033,12,-1,2,2
Elevator call,3499.8182415089695,45,39,2,4
Elevator call,3500.7146126474327,8,-1,3,7, Done, dt, 44.28538735256734
Elevator call,3500.875310439754,48,-2,2,3
Elevator call,3502.7523067267057,47,-4,2,6
Elevator call,3509.4776867744285,46,21,2,5
Elevator call,3509.931153199178,10,-2,2,2
Elevator call,3518.1424029991877,0,-1,2,9
Elevator call,3519.9645511192357,-4,0,3,9, Done, dt, 32.03544888076431
Elevator call,3520.1390191391747,32,-2,2,1
Elevator call,3521.639327171424,50,10,1,1
Elevator call,3529.2734554731123,-1,-3,3,7, Done, dt, 26.726544526887665
Elevator call,3534.064925762705,28,0,2,1
Elevator call,3537.825788664458,-1,0,3,9, Done, dt, 14.174211335542168
Elevator call,3539.7732360389955,43,-3,1,1
Elevator call,3546.2414318147544,13,0,2,2
Elevator call,3556.765230217434,23,0,2,1
Elevator call,3560.314329788073,28,-1,2,1
Elevator call,3561.0016004802274,31,14,2,0
Elevator call,3561.3421901859874,32,-4,2,0
Elevator call,3583.573433942424,22,-4,2,1
Elevator call,3589.24448480863,-2,-1,1,7
Elevator call,3592.591803298409,-4,0,1,9
Elevator call,3596.190305112116,43,1,1,8
